9100,ANGLIAN WATER,https://www.anglianwater.co.uk,https://www.anglianwater.co.uk/SysSiteAssets/aws_horizontal_logo.svg
1440,EAST SUSSEX COUNTY COUNCIL,https://www.eastsussex.gov.uk,https://www.eastsussex.gov.uk/favicon-32x32.png
30,BT,https://www.bt.com,https://www.bt.com/etc/designs/bt/presales-page-design/favicon.ico
7010,UK POWER NETWORKS EASTERN & LONDON,https://www.ukpowernetworks.co.uk,https://www.ukpowernetworks.co.uk/favicon.ico
7008,MANWEB,https://www.spenergynetworks.co.uk,https://www.spenergynetworks.co.uk/favicon.ico
9102,United Utilities Water Ltd,https://www.unitedutilities.com,https://www.unitedutilities.com/assets/img/favicon/favicon-194x194.png
9109,YORKSHIRE WATER,https://www.yorkshirewater.com,https://www.yorkshirewater.com/img/favicon/coast-228x228.png
9108,WESSEX WATER,https://www.wessexwater.co.uk,https://www.wessexwater.co.uk/assets/img/favicon/consumer/favicon-32x32.png
9106,THAMES WATER,https://www.thameswater.co.uk,https://www.thameswater.co.uk/media-library/favicon/android/192x192.png
9103,SEVERN TRENT WATER,https://www.severntrent.com,https://www.severntrent.com/content/dam/stw/favicon/favicon.ico
7001,NORTHERN POWERGRID (YORKSHIRE) PLC,https://www.northernpowergrid.com,https://www.northernpowergrid.com/sites/default/files/favicon_0.ico
7003,National Grid Electricity Distribution (South West),https://www.nationalgrid.com,https://www.nationalgrid.com/themes/custom/ng_site_studio/images/favicon.ico
9104,SOUTHERN WATER,https://www.southernwater.co.uk,https://www.southernwater.co.uk/media/okrbpncp/android-chrome-512x512.png
7270,SOUTHERN GAS NETWORKS PLC,https://www.sgn.co.uk,https://www.sgn.co.uk/sites/default/files/sgn.ico
2845,West Northamptonshire Council,https://www.westnorthants.gov.uk,https://www.westnorthants.gov.uk/favicon/west/favicon-32x32.png
7339,Trooli Ltd,https://www.trooli.com,https://www.trooli.com/sfsites/c/cms/delivery/media/MC4YBBHJFGDFDZFJV7GUNAF43OGQ?width=32&height=32
9105,SOUTH WEST WATER,https://www.southwestwater.co.uk,https://www.southwestwater.co.uk/sw-favicon/favicon-32x32.png
7330,CITYFIBRE METRO NETWORKS LTD,https://www.cityfibre.com,https://www.cityfibre.com/favicon.ico
7160,VIRGIN MEDIA,https://www.virginmedia.com,https://www.virginmedia.com/assets/favicon.ico
3300,Somerset Council,https://www.somerset.gov.uk,https://www.somerset.gov.uk/favicon.ico?v=2
10,CADENT GAS LIMITED,https://www.cadentgas.com,https://www.cadentgas.com/content/images/favicon.ico
9117,SOUTH EAST WATER,https://www.southeastwater.co.uk,https://www.southeastwater.co.uk/favicon-32x32.png?v=742c8147e3d2ab39a1bc4cefde998192
7271,NORTHERN GAS NETWORKS,https://www.northerngasnetworks.co.uk,
7365,QUICKLINE COMMUNICATIONS LTD,https://www.quickline.co.uk,https://quickline.co.uk/wp-content/uploads/2022/09/Q-Icon-full-colour-purplegreen-rgb.svg
7076,VODAFONE GROUP,https://www.vodafone.co.uk,https://images.vodafone.co.uk/gbnnsauqav4t/7fX2y8G8dNZJWBiTFWN5H5/f43f103875dc947fbe84ad3b65bcbda2/Graph-default-image.webp
3055,NOTTINGHAMSHIRE COUNTY COUNCIL,https://www.nottinghamshire.gov.uk,https://www.nottinghamshire.gov.uk/css/images/ncc/social-sharing-graphic.png
1770,HAMPSHIRE COUNTY COUNCIL,https://www.hants.gov.uk,https://www.hants.gov.uk/-/media/logos/hcc-logo-colour.gif
3600,SURREY COUNTY COUNCIL,https://www.surreycc.gov.uk,https://www.surreycc.gov.uk/favicon.ico
7002,SCOTTISH AND SOUTHERN POWER DISTRIBUTION (SSEPD),https://www.ssen.co.uk,https://www.ssen.co.uk/favicon-32x32.png
2371,LANCASHIRE COUNTY COUNCIL,https://www.lancashire.gov.uk,https://www.lancashire.gov.uk/css/img/favicon.ico
2465,LEICESTER CITY COUNCIL,https://www.leicester.gov.uk,https://www.leicester.gov.uk/images/favicon-32x32.png
7272,WALES AND WEST UTILITIES LTD,https://www.wwutilities.co.uk,https://www.wwutilities.co.uk/dist/images/favicon/favicon-32x32.png
5420,LONDON BOROUGH OF HARINGEY,https://www.haringey.gov.uk,https://www.haringey.gov.uk/themes/custom/lgd/assets/images/favicons/favicon-32x32.png
2275,KENT COUNTY COUNCIL,https://www.kent.gov.uk,https://www.kent.gov.uk/__data/assets/file/0015/201651/favicon.ico
1900,HERTFORDSHIRE COUNTY COUNCIL,https://www.hertfordshire.gov.uk,https://www.hertfordshire.gov.uk/images/logos-icons-and-graphics/hcc-logo/hcc-2021-logo-1200-x-630.jpg
7515,Wildanet,https://www.wildanet.com,https://www.wildanet.com/wp-content/uploads/2024/09/cropped-Wildanet-Favi-192x192.png
4245,TRAFFORD METROPOLITAN BOROUGH COUNCIL,https://www.trafford.gov.uk,https://www.trafford.gov.uk/SiteElements/Images/favicons/favicon-194x194.png
1445,BRIGHTON & HOVE CITY COUNCIL,https://www.brighton-hove.gov.uk,https://www.brighton-hove.gov.uk/themes/custom/bhcc_base/favicon-32x32.png
1585,ESSEX COUNTY COUNCIL,https://www.essex.gov.uk,https://www.essex.gov.uk/themes/contrib/ecc_theme/ecc_theme/assets/images/ecc-gov/favicons/favicon-32x32.png
7562,Nexfibre Networks Limited,https://www.nexfibre.co.uk,https://www.nexfibre.co.uk/favicon-32x32.png
4315,ST. HELENS COUNCIL,https://www.sthelens.gov.uk,https://www.sthelens.gov.uk/image/120/St-Helens-Logo-Favicon/favicon.png?m=1598360703930
7006,NORTHERN POWERGRID (NORTHEAST) PLC,https://www.northernpowergrid.com,https://www.northernpowergrid.com/sites/default/files/favicon_0.ico
7250,EE Ltd,https://ee.co.uk,https://ee.co.uk/content/dam/everything-everywhere/images/logos/ee_logo_social_image_800x800.jpg
2745,NORTH YORKSHIRE COUNTY COUNCIL,https://www.northyorks.gov.uk,https://www.northyorks.gov.uk/sites/default/files/favicons/favicon-32x32.png
4510,NEWCASTLE CITY COUNCIL,https://www.newcastle.gov.uk,https://www.newcastle.gov.uk/android-chrome-192x192.png
9120,ESSEX AND SUFFOLK WATER,https://www.eswater.co.uk,https://www.eswater.co.uk/link/4c62700eeaea42a084379c6b000f4ec4.aspx
440,Buckinghamshire Council,https://www.buckinghamshire.gov.uk,https://www.buckinghamshire.gov.uk/favicon-32x32.png
840,CORNWALL COUNCIL,https://www.cornwall.gov.uk,https://www.cornwall.gov.uk/favicon.ico
1850,HEREFORDSHIRE COUNCIL,https://www.herefordshire.gov.uk,https://www.herefordshire.gov.uk/site/dist/images/favicons/favicon-32x32.png
9101,NORTHUMBRIAN WATER,https://www.nwl.co.uk,https://www.nwl.co.uk/link/4c62700eeaea42a084379c6b000f4ec4.aspx
4605,BIRMINGHAM CITY COUNCIL,https://www.birmingham.gov.uk,https://www.birmingham.gov.uk/site/favicon/favicon-194x194.png?v=kPP6reKB8a
4720,LEEDS CITY COUNCIL,https://www.leeds.gov.uk,https://www.leeds.gov.uk/themes/custom/leedscitycouncil_theme/assets/images/favicons/favicon-32x32.png
5720,LONDON BOROUGH OF MERTON,https://www.merton.gov.uk,https://www.merton.gov.uk/themes/custom/bbd_localgov/favicon.ico
1050,DERBYSHIRE COUNTY COUNCIL,https://www.derbyshire.gov.uk,https://www.derbyshire.gov.uk/site-elements/images/fav-icons/android-icon-192x192.png
535,CAMBRIDGESHIRE COUNTY COUNCIL,https://www.cambridgeshire.gov.uk,https://www.cambridgeshire.gov.uk
4715,KIRKLEES COUNCIL,https://www.kirklees.gov.uk,https://www.kirklees.gov.uk/beta/assets/global/img/open-graphic-protocol-logo.jpg
7329,GIGACLEAR LIMITED,https://www.gigaclear.com,https://www.gigaclear.com/favicon-32x32.png
5240,LONDON BOROUGH OF CROYDON,https://www.croydon.gov.uk,https://www.croydon.gov.uk/themes/contrib/localgov_base_croydon/assets/images/favicons/favicon-32x32.png
7349,HYPEROPTIC LTD,https://www.hyperoptic.com,https://www.hyperoptic.com/wp-content/themes/hyperoptic4/favicon.ico
1265,DORSET COUNCIL,https://www.dorsetcouncil.gov.uk,https://www.dorsetcouncil.gov.uk/documents/35024/150924/Dorset-council-favicon/69316479-72fc-0904-01e8-24b796a93b41
7004,UK POWER NETWORKS SOUTH EASTERN,https://www.ukpowernetworks.co.uk,https://www.ukpowernetworks.co.uk/favicon.ico
3800,WEST SUSSEX COUNTY COUNCIL,https://www.westsussex.gov.uk,https://www.westsussex.gov.uk/content/static/img/icons/og.png
5990,CITY OF WESTMINSTER,https://www.westminster.gov.uk,https://www.westminster.gov.uk/themes/custom/wcc/images/logo.png
5210,LONDON BOROUGH OF CAMDEN,https://www.camden.gov.uk,https://www.camden.gov.uk/documents/20142/608164825/Camden+logo+favicon/2d1708ea-873a-ccd0-f823-8670707d595b
5690,LONDON BOROUGH OF LEWISHAM,https://www.lewisham.gov.uk,https://lewisham.gov.uk/assets/static/img/logo.png
2500,LINCOLNSHIRE COUNTY COUNCIL,https://www.lincolnshire.gov.uk,https://www.lincolnshire.gov.uk/site/images/favicons/favicon-32x32.png?1.46.1
7093,NETWORK RAIL,https://www.networkrail.co.uk,https://www.networkrail.co.uk/wp-content/uploads/2019/05/apple-icon-180x180.png
4320,SEFTON METROPOLITAN BOROUGH COUNCIL,https://www.sefton.gov.uk,https://www.sefton.gov.uk/images/assets/favicon.png
3700,WARWICKSHIRE COUNTY COUNCIL,https://www.warwickshire.gov.uk,https://www.warwickshire.gov.uk/site/dist/images/favicons/favicon-32x32.png?1.155.1
7007,National Grid Electricity Distribution (West Midlands),https://www.nationalgrid.com,https://www.nationalgrid.com/themes/custom/ng_site_studio/images/favicon.ico
665,CHESHIRE WEST AND CHESTER COUNCIL,https://www.cheshirewestandchester.gov.uk,https://www.cheshirewestandchester.gov.uk/_Nl7gMQ_291a0139-6005-4826-a6c1-f14fd4e06d73/static/img/icons/favicon1.ico
9118,SES WATER (Formerly SUTTON & EAST SURREY WATER COMPANY),https://www.seswater.co.uk,https://www.seswater.co.uk/assets/img/favicon/favicon-32x32.png
7011,National Grid Electricity Distribution (East Midlands),https://www.nationalgrid.com,https://www.nationalgrid.com/themes/custom/ng_site_studio/images/favicon.ico
9133,AFFINITY WATER - C,https://www.affinitywater.co.uk,https://www.affinitywater.co.uk/favicon-32x32.png
7567,Cornerstone Telecommunications Infrastructure Limited,https://www.cornerstone.network,https://www.cornerstone.network/wp-content/uploads/connecting-the-uk-teaser-mh.jpg
2114,ISLE OF WIGHT COUNCIL,https://www.iow.gov.uk,https://www.iow.gov.uk/_content/Iwc.Website.Core/images/icons/favicon-32x32.png
4520,SOUTH TYNESIDE COUNCIL,https://www.southtyneside.gov.uk,https://www.southtyneside.gov.uk/image/4198/STC-Crest/favicon.png?m=1662462623440
9111,BRISTOL WATERWORKS COMPANY,https://www.bristolwater.co.uk,https://www.bristolwater.co.uk/hubfs/Site%20Assets/Logos/BR17785_White%26Teal_BristolWater_Logo_RGB.png
7388,Netomnia Limited,https://www.netomnia.com,data:image/png;base64,iVBORw0KGgoAAAANSUhEUgAAAgAAAAIACAMAAADDpiTIAAABhGlDQ1BJQ0MgcHJvZmlsZQAAKJF9kT1Iw0AcxV9TRZEWBSuIOGSoThZERRy1CkWoEGqFVh1MLv2CJg1Jiouj4Fpw8GOx6uDirKuDqyAIfoC4uTkpukiJ/0sKLWI8OO7Hu3uPu3eAUC8zzeoYBzTdNlOJuJjJropdrwgijD4MICozy5iTpCR8x9c9Any9i/Es/3N/jrCasxgQEIlnmWHaxBvE05u2wXmfOMKKskp8Tjxm0gWJH7muePzGueCywDMjZjo1TxwhFgttrLQxK5oa8RRxVNV0yhcyHquctzhr5Spr3pO/MJTTV5a5TnMYCSxiCRJEKKiihDJsxGjVSbGQov24j3/I9UvkUshVAiPHAirQILt+8D/43a2Vn5zwkkJxoPPFcT5GgK5doFFznO9jx2mcAMFn4Epv+St1YOaT9FpLix4BvdvAxXVLU/aAyx1g8MmQTdmVgjSFfB54P6NvygL9t0DPmtdbcx+nD0CaukreAAeHwGiBstd93t3d3tu/Z5r9/QBK63KXgC2TTwAAAv1QTFRFGx0bzgCNzgCU0ACO0gCK0QCP1ACG0wCL1QKH1wWD2gh/2QmE3At62wyA3Q573xF33hJ84RNz4BR44hZ0SUtJ5Bhw5hpr5Rpx6Btn5xxs6R5o6x9k6yBp7CJl7iNg7iRm7yVh8Sdd8yhZ8yhe9Cpa9itV9ixa9y1W+S9S+S9X+jBT/DJO/DJT/TNP/zVK/zZG/zZLZGZk+jpJ+jtP+zxK1EKZ/T1F/T1L10OV/j5G2kWR3EWM3kaI30eJ4UiE4EiK5EqB50x96k567E517VB271Bx8VFt8FJy8lNu9FRp81Rv9VVqeXt49lZr+Fdm+Vho+1lj/Vpe1WGh/Vpk/ltf1mKi32GZ4WGU2WOd22SZ4mOV5GOR52WN6maJ7WeF92d+8GmB72mG8WqC+ml682t9iYuI9m16/mx3/25z/2901net23au3Xap+3F44Hel4nef2nmp43ig5nmc7XiY6XuY8HqV8nqQ63yU9XyM9HyRl5mW9n2N936O+X+J+4CK/YGG24iz44ev5Yeq3Im03omu/4OH34qv54ms6Ymm7Iui9Iqf7oye7Yyj9oua742f94yb8Y6g+Y2Wpaek/Y+T/I+Y/pCU3Zi95Za4/5GV4Ji455e06piv7Zqr9pmo75us8Zyo+Zukr7Ku/Z2g5KPB/p6h5aTC56S86KW96qW38qW07Ke59Ke29qew96ix/6et+amsury5/6ip+6qt/Kuu5LHK7LDF57LF77HB8rK8+LG987O9+7K5/bS6/7W1xcfE6LvS6rzN8rvI7b3I7L3O87zJ9r3E9b3K977F+b6//73C+r/B+8DC/7/D68Xa7cbU9cTQ8MbPztHO7sfV9sXR+cbM+MfS+sfN/cjI+8nO/srJ8M/c8s/W1tnV89DX+c/Y+8/S9NHY/NDT/dHU/9LP/tLV8dji8tnk9Nnd+9jf9drf3+He/tna/9rb9uHk9OLq/OHl/+Hg/eLm5+nm/Ojr9erx/uns/+rt8PLv+vD2/vHx//Ly9vn2+/j9/vj3////caO1HAAAAAFiS0dEAIgFHUgAAAAJcEhZcwAACxMAAAsTAQCanBgAAAAHdElNRQflAw0QFzrgPnzIAAAAGXRFWHRDb21tZW50AENyZWF0ZWQgd2l0aCBHSU1QV4EOFwAAFepJREFUeNrt3X1sVXWaB/CTwZiUCB1Ix82QkPQmtymmCZNmkcCCrLshAaWSakZnRucldqmSWXVmWJ0Z8AUGXYZu1wB1iq4GFgdWVMB0QQcWpzSzzcUpBseSCmNFkLKkpLS9telte23Pk71tBWp7W9t7nt/L8zvf718z8Z9zeT7n9/acnuMREup4+CcAAAQAEABAAAABAAQAEABAAAABAAQAEABAAAABAAQAEABAAAABAAQAEABAAAABAAQAEABAAAABAAQAEABAAAABAAQAEABAAAABAAQAEABAAAABAAQAEABAAAABAAQAEABAAAABAAQAEABAAAABAAQAEABAAAABAAQAEABAAAABAAQAEABAAAABAAQAEABAAAABAAQAEABAAAABgAknGb8aHwBCkUS8ORY7Ul7+7z+alcq3r+fmwcQBwNlbvSFWXj5rREYBwAjgYOkvx3Y+MXv27FlpMhLA4wDgVu3PHd26dPaXmQiAIwDgTOKx67WfMIDPAMCV4ufmzh6RiQBIAID8ZX7Dv+UOJgMA/4BtoOz4l/cvzb2aDACUAYDk6p/fkTs8GQA4DgByq781d0QyANAMAEKr/5+5o5MBAB8ABOby/kgklwXADwkAxB31xEoiES4AOwNcyLEeANCf889HhsID4KPMr6TT89adBQC9M/97JZEIK4AArcBjXiqFVX0AoO28Z39kWHgABLicCm8oFZ0AoGXh93wkwg4gSCuwyLua0hYAUD71l0QiCgAEaAX2ecNSWA8ASsu/KhJRAiBAK7DF82QT8ESXnwlAgFZglefJJuCJKX80ogpAkFbgOs+TTUAGgPM/iUbVAQjSCszxPNkEJACID5RfIYAArcAeL30KWwCAbd+/JRpVCyDAMdBZb6yUdgIAy6nfgWhUNYAArcBXvbFT0QMAgfPnO6PKAfwowPWVjgPAy6kCgICT/6poVD2AN4L8840fAUsBiwEkd0WjOgAEawV+Tdb1AECGOX1HVA+AoK3A8ZNzDAAyWvs/GY1qAhDgKiu8CaSoEwAmnRN5UV0AghwDFXoTShUATPL2fypPHwCuVqDQQcCz8vbP0wiArxUochDwrLz9dQJIZn6pVRMHYO0gYB2A0yvytAII0gosnQQAW7cDlgHwd+Xn6QXA3goc50ygDwC+Jp+vyNcNQEErcOxBoAUAxl/95edrBxDgGKjem3SqAGCc4X9bvgEAilqBY3aJ+wBgrNX/Q/kGAChrBY45DXQCQNo05eebAKCwFThW6gEgTQ7eYgZAgFZgS4YAvAoAGDX9P32LIQBqW4FjHQr1AcCI6f8WUwACXHVFxgBsWgjYAODKXXNMAdDQCkwvoB4Ari//5swxBkBHKzB9jgHA1eXfHIMAArwcqiUYAFuWgp4V9TcGQFMrML2APgBILf/nmASgrRVo72bAs6L+pgDsDHDtOZ4TAowCSF6tvykAOluBaf9uoDPUABIr5xgGoLcVaOWBgGdF/U0B0NwKtFGAZ0X9DQH4lwCXX+S5IcCzov6GABhoBVonwLOi/oYAmGgF2ibAs6L+hgAEeDnUMc8RAZ4V9TcEIMAvWOc5IsCzov5mAJhqBVolwAQAf1T9zQAw1wq0SIABAP4zc+wAEKAVeJYZgFfYFxoA6epvBoDJVqA1fQH9AH43xxIAZluBtgjQDuBggS0Adgb4FTn8AAw9IaIbwIkCawAEaAV2ep4rAjQDaCqwB4DxVqAVfzKiF0BHgUUAzLcCR+Ws4wC6V1oE4FcWtAItOA7QCcB/psAiAFa0As0fB+gE8PsC4wDKy2Ox5ng8GeyHtCgD4BU5DOCPBQYB/GN57Fyc6wvBx9QB0L4V0AegtcAQgFTtm3k/Dr1OIQDdWwFtAIYWgLoBLN3ZkOD/LYUqAXidTgL4cgGoFcATR+JKfkuf0vprXgjqAnCwQDOAJxqSqn7LWbUAvHUOAmgq0Argl+qqr6QVaPBdYnoAdBdrBPDg0aTaX1OqGoDOZYAWAMMWAMoB7Lis/OfkKAegcRmgBcAfCzQBWKr65lfXCjS1DNABoLVAD4AHz/k6/snqNQDQdxqgAYBfrAXAg+c0/ZNV6ACQ0+MOgBf+VgOAkvPaBs2WUh0CSp0BcKZAPQCN5R8kUKRBQJUjAL4oVg5gWYPuFhrVF3qO7AWVA3ihQDWAmE8GUqV8M1jkBIAzBYoBbE2SmfRUODEJeMonAKUASi6TubQUOrATUAxg8CEgdQCO+mQ0VfJ3AmoBtM5TCWBtgkyns0j6cZBSAP6jKgHEyIYoHQRy+mQDqJ6nDkBJnOyI0kGgQjSA7nnqAOzwyZb0vapQQItkAJXKACw7TzblbI7cwwCFAFrnqgJgwepvxJmAumngmFgA/sOqAFg0/F9LhdR1oDoA789VBOA9sjHKnhJ4VSgAv1gNgOWXyc50qloI9MgE8NZcJQCWJ8jWqNoPrhMJIDlXCYBf+2Rv+ooEbgVVAahUAuBJm+uvbClYKhBAx1wVAA6Q7akQNwR4CgcAbgD211+RgEJxADrmKQAgof6KtoP10gBUKgAgo/5qBBQKA9Axjx+AlPqrEVAvC0AlPwA59VfyBplCUQBSAwA3AEn1V7ISrJcEoJIdgKz6qxBQJAhAx1xuAL/2KfQCWuQAOMQNQF79FZwKl4oBkJzLDGB5kggCVP2lmKdgAGAGkCCJYe8OVwgB8OVzAHwALpDMsL9PtkcGgDNzeQG8S1LDfRxQJQPAo7wAtpDcMG8F1DwdyA2gdR4rgFW+YADcC8F6CQAqeQEkSHKYF4JFAgAk57ECOE2yU2//TpAZQDUrgC0kPRXW7wSZARRzArjTFw+gr9D2ZSAvgKZ5nACukPx02r4M5AWwhxPAAXIhVZYvA1kBpJaAfABW+U4A4P3EXI/dAM5wArjiRv15J4FX7QawnhHALnIlnO+PKLQaQPd3+ADc4TsDgHUn0GIzgGpGAKfJnZy1+SiAE8BqPgBPkUthfL14jsUAur/DByDuFIAexiHgrL0AqvkAHCC3UmXvHMAIYDUfgKRjAPpyrJ0D+AB0L2QDcIJcC9PTQYWlVcesBVDHBmCF7xyAwJ8bLq2oOqvkuWA+AOvZALg3AAR4MqCotKq+ReGr4tgAJOdzAXBxAMhgCMhJ3fQt6j8bwwbgIhsAFweASQ0Bqm96NQD2cAFwcwCY0BCg6aZXA+BuLgBuDgBfMwRovemVAOiYzwTA1QFgjCHAxE2vBEAdF4CDrtZ/5HGguZteCYD1XACSzgK4ehxo/KZXAcCfzwRgF7mbCktuehUAWrkAfE6IRADVTAAeQkVkAqhkAnAaFZEJYD4TAB8VEQmggwnALhREJoA6JgBXUBCZAPbwAFiBeggFsJoHwEHUQyaA5HweAJgBhAJo5QGAGUAqgDoeAJgBpALYwwMAM4BUAKt5AKAaUgEsZAGAUyCpADp4AKAPIBXARR4ACVRDKIA6FgDoBIsF8BILAGwCxQJYzQLgAoohFcBCFgBYAkgFkGQBcBdqIRVABwuAbaiFVAAfswA4gVpIBVDHAgCNALEA9rAASKIWUgG8xAIApRALYDUHAKwB5QJYyAEA54AhB4BNgFgA3SwAOlAKqQA6WADgIDjkAFAJsQA+BoBwA6jjAIBdIAAgYQbwLiohFsAeDgA4BpAL4CUAAIDAAJpQiXADwEEgACAAgAAAAgAIACCCACzkAIBHQkMOAIWYbPrbbQHwr5gC9KbrUs3uDVO+8Q2sAcJ305+s2XDPlKEAQJjSnrrpn53ylQBAKNLb/sHbz947JU0AwP2b/sXnbhjMFAAI203/3PdvGJb0AH4KAO7d9LUvbrphdNID2OAUgBNhv+n/sOn7Nw7kBgAI203/H5tuHBaBAKoBIKOb/tQfNv3gxlERCACPhU86jZuyUrkxXSYOYDsAiM1g/YMCqHEKwD8BgFgArfjbwMlmkVMAeP46OFSfDM3iAHDJLQBhOgnqYgFgzfMAPguAMP1lSLtbAPCOoMmmlgVAvzUAvovXxE0ur7EAIGsAsLwoMkz7wE0cAG51DECY9oFZHAA22AOgmgVAeLYBva4B4HlbeHg+GneJBUCNPQBaWQCE512xta4B4PliyNOhAfAbFgDt9gBg+mhUaA6Ds1gAdFkE4LssAMLyyZAuHgBkEQCeD0eG5SzwFAuAe2wC8N8sAMJyFvgyC4ANNgHg+XZwfkgWAYtYANTYBIDp8/HhWARcWwIEA9BoE4AkD4BwvC62lgdAu00AiAdAOL4f/xgPALIKwEssAPLD8J4YP4sFwD12AajmARCGdkAjD4DtdgG4yAPgqTBtAoMBqLELQDcPgBDMAcNmgEAA2u0CQEwA3J8DGpkA9FsGoJIHgPtzwMs8APjWgEwAqnkAOD8HDJ8BggDYbhuAi0wAXG8InWICcNI2AEkmAK6fBT3GBKDdNgC0mgdA/udO178riwkAWQfgEBMAt58M3MsEYIN9AD5mAuB0T9hfxASgxj4A3VwAXF4GNmYxAWi3D8DAIoAFgMvLwB9wASALARxiApB/wdn6t2cxAdhgI4CLXADcPQ3cyAXgpI0AklwA8uOO1r83iwtAl40AaD0XAFefDt7LBeBWshJANReAvHg4BoCMAey2E0AHG4Bt4RgAMgZwyU4AdDcXACeHgNEDQMYA+i0FcIgNwLZQDACZAthOlgJoZQPg4BDQlcUG4KStAHw+AO6dBWzkA9BrKwDawwYgz7XjwPapbAB+StYC+D8+AKscawrexwfgpL0AfD4AeW41BU9N5QPQay+A1BzABiDPpcdD/UV8ALhnAFYATYwAXNoK7p3KB+CkzQDobj4Aee68LaB9KiOAfqsBHGIEcIcr60D/e4wAtpPVADoYAUR3OQLgnamMABrtBkCPMgKIujEJdE1lBHArWQ6gjhOAE5PA0ATABWC37QCSnACcmASGJgAuAF22A6BKTgBR+SfCbVM5AfwzWQ+giRXAndKPgwaOgBgBNNoPgIo5AUSfFA5g41ROALf2CwBQxwogKvvdgbVTWQHsJgEAkrwARC8D2qbxAuiSAIAO8QK4MyG2/r2LeQE8SyIAdPACiIp9NMD/2TReAI0yANB6XgBiF4IvT+MFcC8JAdDEDCB6QOYJ0DRmACelAKCHmQFEGwTWv3EaMwAle0A1AJq4AUTPi6v/pWncAGpIDAC/mBtAVNofCiQWcwNQNQCoAHC1J8gIYHlCZP0ZAewmQQAGhgBeALIEXKs/I4BeSQDofXYAkgT499/EDkDZAKAGgF/MDkCOAP8XN/ED6JUFIDUEsAOQImCg/uwA1A0AigD4xfwAZAhILL5JAYBeaQDofQUAIgIEDNWfG8DbJA7A0BDADCCy/LKM+jMDUHYGoBDAQEeAH0AkYveZYONtN6kAUEMCAdDDSgBE3rO5/tOnqwCwoF8kgFY1ACL7ra3/3ulqADSSSABUqQZAZK2dT4j4v52uBsC9JBRAtyIAdm4GEr+YrghAu1QA9JYiADYuBZtvm64IwLMkFsBgW1gJgMh+y6aBw9OnqwLQKxcAnVEGILLWpmkguWa6MgA1JBgArVcGIBKx5zmxT/7+m8oA3NsvGkCHQgCR5+2YBvxXsr+pDsAlEg2A3lIIILLMhoPh5iXZCgG8SMIB+MUKAUQiO5Lmb/9shQAW9EoHQK1KAUSWmV0JfLIkWymAD0g8AHpBKYDUdsDcA8PJzdnZSgE8Qg4A+KJYLYDcXENnAv7h7GzFALpcAEBnVAPIXRYzN/qrBFBDTgBITQKKAeTmlug+G25+IDtbNYBHyBEAXxQrB6CZQNvmmdnqAXS5AoBaNQBIETinr/wzNQD4gJwBQL/XASA390EdBD5dM3OmDgDPkUMA/Ie1AEgRiKndEfgfPjBzphYAC/pdAkAdmgCksk9dmzB5eMmMGZoAXCKnAFCdNgC5uWvPKRkGPt08YyB6ALxNjgGg3+kDkJu7dB93m6jtzdtnzNAH4Of9zgHwV2oEMHv27KX7+I6IE4d/OONadABY0EXOARi+DNABYNDAZYa5oHl49TUBaCQHAQxbBmgCMJDyhiBrwsRfXpkxMhoAvE1OArh+GqARwMBAsLMhnlnxb5+RJuoB/JwcBeA/YwRAKrNmlR89N3EFbZ8eLvtWKjOMAFjQ7yoA6l5pDMBgflwe+yg+noNE/KPjZY9/62rMAOgiZwEMPR5kDsDV/Kqs7MjxVD6LD+Szgf95pKzs8Zv/ZihmATSSwwDor1YAGMy3r+fmL2MDgHfIaQB0EADGBfAiOQ6AngGAcQA80u88gIGtAACMAWCBgfrrBjCwFQCA9AAWdFEIAFBiJQCkB9BOoQBArQCQFkAjhQQANQFAGgCG6m8CAF0AgFEA/otCBIBOAMAIAMbqbwYAHQSArwAwV39DAEYJCDcAg/U3BWCkgFADeI1CCGCEgDADMFp/cwC+KiDEAMzW3yCArwgILwDD9TcJYLiA0AIwXX+jAOivoQdgvP5mAVw/FQ4pgFoKOYBrAsIJoJFCD4A67govABvqbxwAJe4KKYC/6yIAGEjy6VACuM+O+lsAgPxtIQTwWD8BwLADgbABeM2W+tsBgJpCBqCWCABGbAZCBGBRIwHA6KVgaADYsvyzCwD5B0MC4Dd2ffDKs+dSTocCQC0RAIx1JvSQ8wAWtRMAjDMN7HIcwEb7Pnvr2XU5p50GUEsEAF83DTzlLID72gkAJjANvOsogJft/Oq5Z98lxVc4CGDRJSIAmPBa0DkAG3sJACaRKyucArDoFBEATHIQcAjAy70EAJNfCaxyBIC1s7/lAMj/sxMA3vEJADI9E9giHsDP2ogAIPNcWCUawOJTRADANg+IA2D76C8BAFHygFAAG3uJAIBlP7BFIAD7J385AIiu/EQYgO81EgEAZ86vEgRgsZzyiwEwQEAIgMW1PgGANgK2AVj8v6LKLwpAWgJ2Abi/kaTFk3W555+3GIDA8osDkNoU7rcUwG/biABAy9HQu8usA3Db3iQRAGg7ID6/1ioA93/oEwGA1iT2L7MFwOttJDie2Cv3BxeEpgGs+cQnAgBTq4FYiVEADxxOkvR4wq8/cbTEEIAlryfIgXjyf0Lif0q0A3jg9WZyI54TvyIRW6sRwJrDCXImnis/JHlux1INAJa88mGSXIrn0o9JxLYqBbD5T23kWjzXflA8tlUJABeL7ySAwZGgYd8vGQGsefNDN4vvLIChoaBhX3lgAJtdrr3jAIaWhvHYkfIfZwDg9rLXj7clyf14FIYk4h/F3igvnwCAsrI3//SXtgSFJh6FK/FUjg/mjbKhvDH0f5tT/4FCGI+QUAcAAAABAAQAEABAAAABAAQAEABAAAABAAQAEABAAAABAAQAEABAAAABAAQAEABAAAABAAQAEABAAAABAAQAEABAAAABAAQAEABAAAABAAQAEABAAAABAAQAEABAAAABAAQAEABAAAABAAQAEABAAAABAAQAEABAAAABAAQAEABAAAABAAQAEABAAAABAIQl/w++1LUuw+91bAAAAABJRU5ErkJggg==
4415,ROTHERHAM METROPOLITAN BOROUGH COUNCIL,https://www.rotherham.gov.uk,https://www.rotherham.gov.uk/site/dist/images/favicons/favicon-32x32.png?2.31.3
20,TRANSPORT FOR LONDON (TFL),https://tfl.gov.uk,https://tfl.gov.uk/cdn/static/assets/icons/android-chrome-512x512
655,WARRINGTON BOROUGH COUNCIL,https://www.warrington.gov.uk,https://www.warrington.gov.uk/themes/custom/warrington/favicon.ico
7370,ITS TECHNOLOGY GROUP LIMITED,https://www.its-technology.com,
2600,NORFOLK COUNTY COUNCIL,https://www.norfolk.gov.uk,https://www.norfolk.gov.uk/image/104/Norfolk.gov.uk-Logo/opengraph.png?m=1697636895650
2280,MEDWAY COUNCIL,https://www.medway.gov.uk,https://www.medway.gov.uk/site/favicon/android-chrome-192x192.png
7537,Fibrus Networks GB Ltd,https://www.fibrus.com,https://fibrus.com/wp-content/themes/fibrus/favicon-32x32.png
3500,SUFFOLK COUNTY COUNCIL,https://www.suffolk.gov.uk,https://www.suffolk.gov.uk/asset-library/meta/favicon-32x32.png
5270,LONDON BOROUGH OF EALING,https://www.ealing.gov.uk,https://www.ealing.gov.uk/android-chrome-192x192.png
7005,ELECTRICITY NORTH WEST LIMITED (NORWEB),https://www.enwl.co.uk,https://www.enwl.co.uk/assets/img/favicon/favicon-32x32.png
7351,Grain Communications Limited (formerly Solway Communications Limited),https://www.graincommunications.com,
7525,Wessex Internet Limited,https://www.wessexinternet.com,https://www.wessexinternet.com/assets/img/meta/favicon-32x32.png
5540,LONDON BOROUGH OF HOUNSLOW,https://www.hounslow.gov.uk,https://www.hounslow.gov.uk/site/dist/images/favicons/favicon-32x32.png?2.7.0
4310,LIVERPOOL CITY COUNCIL,https://liverpool.gov.uk,https://liverpool.gov.uk/favicon.ico
3100,OXFORDSHIRE COUNTY COUNCIL,https://www.oxfordshire.gov.uk,https://www.oxfordshire.gov.uk/themes/custom/occ/images/favicon/favicon.ico
5090,LONDON BOROUGH OF BARNET,https://www.barnet.gov.uk,https://www.barnet.gov.uk/themes/custom/barnet_council/favicon.ico
2840,North Northamptonshire Council,https://www.northnorthants.gov.uk,https://www.northnorthants.gov.uk/favicon/north/favicon-32x32.png
3245,SHROPSHIRE COUNCIL,https://www.shropshire.gov.uk,https://www.shropshire.gov.uk/images/favicon.svg
5120,LONDON BOROUGH OF BEXLEY,https://www.bexley.gov.uk,https://www.bexley.gov.uk/sites/default/files/bexley-favicon.png
240,CENTRAL BEDFORDSHIRE COUNCIL,https://www.centralbedfordshire.gov.uk,https://www.centralbedfordshire.gov.uk/site/images/favicon/favicon-32x32.png
9121,AFFINITY WATER - SOUTH EAST,https://www.affinitywater.co.uk,https://www.affinitywater.co.uk/favicon-32x32.png
5780,LONDON BOROUGH OF REDBRIDGE,https://www.redbridge.gov.uk,https://www.redbridge.gov.uk/favicon.ico
7073,KINGSTON COMMS (HULL),https://www.kcom.com,https://www.kcom.com/images/favicon.ico
230,LUTON BOROUGH COUNCIL,https://www.luton.gov.uk,https://m.luton.gov.uk/favicon.ico
9128,PORTSMOUTH WATERWORKS COMPANY,https://www.portsmouthwater.co.uk,https://www.portsmouthwater.co.uk/wp-content/uploads/2017/06/favicon__1__9Fb_icon.ico
4635,CITY OF WOLVERHAMPTON COUNCIL,https://www.wolverhampton.gov.uk,https://www.wolverhampton.gov.uk/themes/custom/omega_bigbluedoor/images/favicon/favicon-196x196.png
4210,BURY METROPOLITAN BOROUGH COUNCIL,https://www.bury.gov.uk,https://www.bury.gov.uk/_fMq9oQ_47fb5bb4-7e48-4f56-8062-0d5619e8eaad/static/website/favicon/favicon-32x32.png
4235,STOCKPORT METROPOLITAN BOROUGH COUNCIL,https://www.stockport.gov.uk,https://www.stockport.gov.uk/assets/images/ui-images/sg/favicon-32x32.png
1600,GLOUCESTERSHIRE COUNTY COUNCIL,https://www.gloucestershire.gov.uk,https://www.gloucestershire.gov.uk/favicon.ico
4515,NORTH TYNESIDE COUNCIL,https://www.northtyneside.gov.uk,https://my.northtyneside.gov.uk/sites/default/files/favicon_0.ico
7386,Fibre & Wireless Networks,https://www.fibreandwireless.com,
7510,Connect Fibre (Fibre Assets Ltd),https://www.connectfibre.co.uk,https://25362213.fs1.hubspotusercontent-eu1.net/hubfs/25362213/ctf01/Global/Logos/Signature%20Logo.jpg
660,CHESHIRE EAST COUNCIL,https://www.cheshireeast.gov.uk,https://www.cheshireeast.gov.uk/images/non_user/cec-og.png
7572,Whyfibre Limited,https://www.whyfibre.co.uk,https://i0.wp.com/whyfibre.co.uk/wp-content/uploads/2021/07/Why_icon_bg.png?fit=151%2C151&ssl=1
7594,Giggle Fibre Limited,https://www.gigglefibre.co.uk,http://static1.squarespace.com/static/673de31bd0ed165e737bf2c8/t/6742fbce6b026e60cc8ae769/1732443090872/gf_fav.png?format=1500w
7269,LAST MILE ELECTRICITY LIMITED (Formerly GLOBAL UTILITY CONNECTIONS),https://www.lastmileelectricity.com,
9107,WELSH WATER,https://www.dwrcymru.com,https://www.dwrcymru.com/fav-icon/android-chrome-192x192.png
7359,ENERGY ASSETS NETWORKS LIMITED (FORMERLY UTILITY DISTRIBUTION NETWORKS),https://www.energyassets.co.uk,https://www.energyassets.co.uk/wp-content/uploads/2022/04/cropped-EA-favicon-512px-192x192.jpg
5750,LONDON BOROUGH OF NEWHAM,https://www.newham.gov.uk,https://www.newham.gov.uk/site/dist/images/favicons/favicon-32x32.png?1.22.2
5450,LONDON BOROUGH OF HARROW,https://www.harrow.gov.uk,https://www.harrow.gov.uk/site/images/favicons/favicon-32x32.png?v=2023
1590,SOUTHEND ON SEA CITY COUNCIL,https://www.southend.gov.uk,https://www.southend.gov.uk/site/dist/images/favicons/favicon-32x32.png?2.33.0
7376,FULL FIBRE LIMITED,https://www.fullfibre.co.uk,
7560,Electricity Network Company Limited,https://www.electricitynetwork.co.uk,
1055,DERBY CITY COUNCIL,https://www.derby.gov.uk,https://www.derby.gov.uk/media/derbycitycouncil/styleassets/images/site/icons/favicon.ico
3940,WILTSHIRE COUNCIL,https://www.wiltshire.gov.uk,https://www.wiltshire.gov.uk/image/4731/WC-Favicon/favicon.png?m=1600440684260
2001,EAST RIDING OF YORKSHIRE COUNCIL,https://www.eastriding.gov.uk,https://www.eastriding.gov.uk/favicon.ico
2741,CITY OF YORK COUNCIL,https://www.york.gov.uk,https://www.york.gov.uk/site/dist/images/favicons/favicon-32x32.png
3450,STAFFORDSHIRE COUNTY COUNCIL,https://www.staffordshire.gov.uk,https://www.staffordshire.gov.uk/favicon.ico
9129,SOUTH STAFFORDSHIRE WATER,https://www.south-staffs-water.co.uk,https://www.south-staffs-water.co.uk/images/favicons/southstaffswater.ico
3240,TELFORD & WREKIN COUNCIL,https://www.telford.gov.uk,https://www.telford.gov.uk/media/ohubvth5/favicon.png
7524,LightSpeed Network Ltd,https://www.lightspeednetworks.co.uk,
4220,OLDHAM METROPOLITAN BOROUGH COUNCIL,https://www.oldham.gov.uk,https://www.oldham.gov.uk/site/favicon/favicon-32x32.png
355,ROYAL BOROUGH OF WINDSOR AND MAIDENHEAD,https://www.rbwm.gov.uk,https://www.rbwm.gov.uk/themes/custom/bbd_localgov/images/rbwm-logo.png
7591,Aurora Utilities Limited,https://www.auroragas.co.uk,
7226,NWP STREET LTD (formerly New World Payphones Ltd),https://www.nwpstreet.co.uk,
4305,KNOWSLEY METROPOLITAN BOROUGH COUNCIL,https://www.knowsley.gov.uk,https://www.knowsley.gov.uk/themes/custom/knowsley/assets/images/favicons/favicon-32x32.png
5060,LONDON BOROUGH OF BARKING AND DAGENHAM,https://www.lbbd.gov.uk,https://www.lbbd.gov.uk/themes/custom/lgd/assets/images/favicons/favicon-32x32.png
1155,DEVON COUNTY COUNCIL,https://www.devon.gov.uk,https://www.devon.gov.uk/wp-content/uploads/2021/01/cropped-favicon-194x1941-1-192x192.png
4620,SANDWELL METROPOLITAN BOROUGH COUNCIL,https://www.sandwell.gov.uk,https://www.sandwell.gov.uk/site/dist/images/favicons/favicon-32x32.png?2.12.0
2935,NORTHUMBERLAND COUNTY COUNCIL,https://www.northumberland.gov.uk,https://www.northumberland.gov.uk/themes/custom/ncc_theme_v1/favicon.ico
4525,SUNDERLAND CITY COUNCIL,https://www.sunderland.gov.uk,https://www.sunderland.gov.uk/image/30884/Sunderland-Favicon/favicon.png
7582,INDEPENDENT DISTRIBUTION CONNECTION SPECIALISTS LIMITED,https://www.idcs.co.uk,
7309,ESP ELECTRICITY,https://www.espelectricity.co.uk,
5840,LONDON BOROUGH OF SOUTHWARK,https://www.southwark.gov.uk,https://www.southwark.gov.uk/themes/custom/bbd_localgov/assets/images/favicons/favicon-32x32.png
7364,COMMUNITY FIBRE LIMITED,https://www.communityfibre.co.uk,https://www.communityfibre.co.uk/favicon-32x32.png
1780,SOUTHAMPTON CITY COUNCIL,https://www.southampton.gov.uk,https://www.southampton.gov.uk/favicons/android-chrome-192x192.png
9235,METRO WEST YORKSHIRE COMBINED AUTHORITY,https://www.westyorks-ca.gov.uk,https://www.westyorks-ca.gov.uk/Static/images/favicon/favicon-32x32.png
5390,LONDON BOROUGH OF HAMMERSMITH & FULHAM,https://www.lbhf.gov.uk,https://www.lbhf.gov.uk/themes/custom/lbhf/assets/images/favicons/favicon-32x32.png?v=1
1855,WORCESTERSHIRE COUNTY COUNCIL,https://www.worcestershire.gov.uk,https://www.worcestershire.gov.uk/themes/custom/bbd_classy/favicons/favicon-96x96.png
7366,mua Electricity Limited,https://www.muagroup.co.uk/electricity/,https://www.muagroup.co.uk/wp-content/uploads/2025/04/cropped-favicon-32x32.png
7182,O2 (UK) LIMITED,https://www.o2.co.uk,https://www.o2.co.uk/o/o2-theme/images/favicon.ico
7264,HUTCHISON 3G LTD,https://www.three.co.uk,https://www.three.co.uk/content/dam/threedigital/new-dam-structure-temp/brand/logo/aem-thumbnail-logo.png
5600,ROYAL BOROUGH OF KENSINGTON AND CHELSEA,https://www.rbkc.gov.uk,https://www.rbkc.gov.uk/themes/custom/rbkc/favicon.ico
4615,DUDLEY METROPOLITAN BOROUGH COUNCIL,https://www.dudley.gov.uk,https://www.dudley.gov.uk/assets/favicons/favicon-32x32.png
7500,Optimal Power Networks,https://www.optimalpowernetworks.co.uk,
7372,AIRBAND COMMUNITY INTERNET LTD,https://www.airband.co.uk,https://www.airband.co.uk/favicon-32x32.png
7551,GoFibre Holdings Limited,https://www.gofibre.co.uk,https://www.gofibre.co.uk/gofibre_circle_favicon.png
7342,HARLAXTON ENERGY NETWORKS LIMITED,https://www.harlaxtonenergy.co.uk,
5180,LONDON BOROUGH OF BROMLEY,https://www.bromley.gov.uk,https://www.bromley.gov.uk/site/dist/images/favicons/favicon-32x32.png?3.19.0
5330,ROYAL BOROUGH OF GREENWICH,https://www.royalgreenwich.gov.uk,https://www.royalgreenwich.gov.uk/themes/custom/royal-borough-greenwich-website/favicon.ico
3935,SWINDON BOROUGH COUNCIL,https://www.swindon.gov.uk,https://www.swindon.gov.uk/site/favicon.ico
7539,Freedom Fibre Limited,https://www.freedomfibre.co.uk,https://static.wixstatic.com/media/87e7bb_5c73d21e745c4e64bf85223e2b022f9e%7Emv2.png/v1/fill/w_192%2Ch_192%2Clg_1%2Cusm_0.66_1.00_0.01/87e7bb_5c73d21e745c4e64bf85223e2b022f9e%7Emv2.png
335,BRACKNELL FOREST COUNCIL,https://www.bracknell-forest.gov.uk,https://www.bracknell-forest.gov.uk/themes/custom/bfc/favicon.ico
5900,LONDON BOROUGH OF TOWER HAMLETS,https://www.towerhamlets.gov.uk,https://www.towerhamlets.gov.uk/favicon.ico
5300,LONDON BOROUGH OF ENFIELD,https://www.enfield.gov.uk,https://www.enfield.gov.uk/__data/assets/image/0019/1954/favicon-32x32.png
5660,LONDON BOROUGH OF LAMBETH,https://www.lambeth.gov.uk,https://www.lambeth.gov.uk/favicon-32x32.png?v=XBy3YnR4m4
11,NATIONAL HIGHWAYS,https://nationalhighways.co.uk,https://nationalhighways.co.uk/Themes/Corporate/img/favicons/favicon-196x196.png
7183,LUMEN TECHNOLOGIES INC,https://www.lumen.com,https://www.lumen.com/content/dam/lumen/share/lumen_thumbnail_twitter.png
5150,LONDON BOROUGH OF BRENT,https://www.brent.gov.uk,https://www.brent.gov.uk/Site/assets/favicon-228.ico
7221,Royal Mail Property & Facilities Solutions,https://www.royalmail.com,https://www.royalmail.com/sites/royalmail.com/files/2024-04/2024_RMG_og_image.jpg
5960,LONDON BOROUGH OF WANDSWORTH,https://www.wandsworth.gov.uk,https://www.wandsworth.gov.uk/Assets/Wandsworth-logo-192x192.png
5030,CITY OF LONDON CORPORATION,https://www.cityoflondon.gov.uk,https://www.cityoflondon.gov.uk/www.cityoflondon.gov.uk/image-library/system-images/Corporation-Crest-Tweet-Card2.x8704d018.jpg?w=1200&q=70
7235,Zayo Europe,https://www.zayo.com,https://www.zayo.com/wp-content/uploads/zayo-favicon-invert-orange-480x480.jpg
4215,MANCHESTER CITY COUNCIL,https://www.manchester.gov.uk,
7377,IX WIRELESS LIMITED,https://www.ixwireless.com,
1775,PORTSMOUTH CITY COUNCIL,https://www.portsmouth.gov.uk,https://www.portsmouth.gov.uk/wp-content/uploads/2024/09/favicon-300x300.png
1355,DURHAM COUNTY COUNCIL,https://www.durham.gov.uk,https://www.durham.gov.uk/image/47152/dcc-favicon/favicon.png?m=1752746402023
7362,G. NETWORK COMMUNICATIONS LTD,https://www.g.network,https://www.g.network/favicon-32x32.png
7507,VONEUS LIMITED,https://www.voneus.com,https://www.voneus.com/favicons/favicon-32x32.png
7307,EUNETWORKS,https://www.eunetworks.com,https://www.eunetworks.com/app/themes/eunetworks/images/favicon.ico
650,HALTON BOROUGH COUNCIL,https://www.halton.gov.uk,
7378,LIGHTNING FIBRE,https://www.lightningfibre.co.uk,https://cdn.prod.website-files.com/644bdade08aad9ea8591b73a/6724a1e4c1920596c2fc2942_LF-OG-Image-NO-PRICE.jpg
724,HARTLEPOOL BOROUGH COUNCIL,https://www.hartlepool.gov.uk,https://www.hartlepool.gov.uk/site/dist/images/favicons/favicon-96x96.png?2.3.0
4725,CITY OF WAKEFIELD METROPOLITAN DISTRICT COUNCIL,https://www.wakefield.gov.uk,
7215,TRANSPORT FOR GREATER MANCHESTER,https://tfgm.com,https://tfgm.com/favicon-194x194.png
7389,VORBOSS LIMITED,https://www.vorboss.com,https://cdn.prod.website-files.com/62e92fac82dcd336300953e2/62f51627eb37c713c808f1ad_logo_favicon.png
738,STOCKTON-ON-TEES BOROUGH COUNCIL,https://www.stockton.gov.uk,https://www.stockton.gov.uk/image/93/Stockton-Logo-Favicon/favicon.png?m=1580210469873
360,WOKINGHAM BOROUGH COUNCIL,https://www.wokingham.gov.uk,https://www.wokingham.gov.uk/themes/custom/wok/favicons/favicon-32x32.png
4410,DONCASTER METROPOLITAN BOROUGH COUNCIL,https://www.doncaster.gov.uk,http://www.doncaster.gov.uk/Themes/DMBC.Theme2/Content/images/template/twitter-card.png
935,Westmorland and Furness Council,https://www.westmorlandandfurness.gov.uk,https://www.westmorlandandfurness.gov.uk/themes/custom/localgov_wandf/assets/images/favicons/favicon-32x32.png
4705,CITY OF BRADFORD METROPOLITAN DISTRICT COUNCIL,https://www.bradford.gov.uk,https://www.bradford.gov.uk
4630,WALSALL METROPOLITAN BOROUGH COUNCIL,https://www.walsall.gov.uk,https://www.walsall.gov.uk/themes/custom/walsall/walsall/favicon.ico
7531,Connexin Limited,https://www.connexin.co.uk,https://www.connexin.co.uk/favicon.ico
4710,CALDERDALE METROPOLITAN BOROUGH COUNCIL,https://www.calderdale.gov.uk,https://www.calderdale.gov.uk/favicon.png
940,Cumberland Council,https://www.cumberland.gov.uk,https://www.cumberland.gov.uk/themes/custom/localgov_cumberland/assets/images/favicons/favicon-32x32.png
4420,SHEFFIELD CITY COUNCIL,https://www.sheffield.gov.uk,https://www.sheffield.gov.uk/themes/custom/localgov_sheffield/assets/images/favicons/favicon-32x32.png
7347,HS2 LTD,https://www.hs2.org.uk,https://assets.hs2.org.uk/wp-content/uploads/2018/03/21160800/mstile-144x144.png
7355,TRUESPEED COMMUNICATIONS LTD,https://www.truespeed.com,https://www.truespeed.com/wp-content/uploads/2024/09/cropped-Truespeed-website-logo-1-192x192.png
2003,NORTH LINCOLNSHIRE COUNCIL,https://www.northlincs.gov.uk,https://www.northlincs.gov.uk/wp-content/uploads/2019/09/cropped-NLC-browser-logo-icon-512x512-2-192x192.png
9113,CAMBRIDGE WATER COMPANY,https://www.cambridge-water.co.uk,https://www.cambridge-water.co.uk/images/favicons/cambridgewater.ico
1160,PLYMOUTH CITY COUNCIL,https://www.plymouth.gov.uk,https://www.plymouth.gov.uk/sites/default/files/2025-06/web-app-manifest-192x192.png
7294,FULCRUM PIPELINES LIMITED,https://www.fulcrumpipelines.com,
2460,LEICESTERSHIRE COUNTY COUNCIL,https://www.leicestershire.gov.uk,https://www.leicestershire.gov.uk/sites/default/files/favicon.ico
2004,HULL CITY COUNCIL,https://www.hull.gov.uk,https://www.hull.gov.uk/site/dist/images/favicons/favicon-32x32.png?1.25.0
4610,COVENTRY CITY COUNCIL,https://www.coventry.gov.uk,https://www.coventry.gov.uk/site/dist/images/favicons/favicon-32x32.png?2.20.0
114,BATH AND NORTH EAST SOMERSET COUNCIL,https://www.bathnes.gov.uk,https://www.bathnes.gov.uk/sites/default/files/favicon_0.ico
728,REDCAR AND CLEVELAND BOROUGH COUNCIL,https://www.redcar-cleveland.gov.uk,https://www.redcar-cleveland.gov.uk/themes/custom/rcbc/assets/images/favicons/favicon-32x32.png
7326,INDEPENDENT WATER NETWORKS LTD,https://www.iwnl.co.uk,
7357,Eclipse Power Networks Limited,https://www.eclipsepowernetworks.co.uk,
116,BRISTOL CITY COUNCIL,https://www.bristol.gov.uk,https://www.bristol.gov.uk/templates/bcc/assets/favicons/favicon.ico
540,PETERBOROUGH CITY COUNCIL,https://www.peterborough.gov.uk,https://www.peterborough.gov.uk
7555,Indigo Power,https://www.indigopower.co.uk,
7387,Jurassic Fibre Limited,https://www.jurassicfibre.co.uk,
9132,AFFINITY WATER - EAST,https://www.affinitywater.co.uk,https://www.affinitywater.co.uk/favicon-32x32.png
9236,South Yorkshire Mayoral Combined Authority,https://www.southyorks-ca.gov.uk,
4625,SOLIHULL METROPOLITAN BOROUGH COUNCIL,https://www.solihull.gov.uk,https://www.solihull.gov.uk/themes/custom/lgd/assets/images/favicons/android-icon-192x192.png
7395,VX FIBER LIMITED,https://www.vxfiber.co.uk,https://vxfiber.com/wp-content/uploads/2020/04/vxfiber_symbol_rgb_black.svg
435,MILTON KEYNES COUNCIL,https://www.milton-keynes.gov.uk,https://www.milton-keynes.gov.uk/themes/custom/mkc_theme/assets/images/favicons/favicon-32x32.png
60,IPM COMMS,https://www.ipmcomms.co.uk,
345,READING BOROUGH COUNCIL,https://www.reading.gov.uk,https://www.reading.gov.uk/READING-grey.jpg
7588,FRESHWAVE FACILITIES LIMITED,https://www.freshwave.co.uk,https://freshwave.co.uk/wp-content/uploads/2025/06/FreshWave-Logo-Roundel-300x300.png
7015,NATIONAL GRID ELECTRICITY TRANSMISSION,https://www.nationalgrid.com,https://www.nationalgrid.com/themes/custom/ng_site_studio/images/favicon.ico
4205,BOLTON METROPOLITAN BOROUGH COUNCIL,https://www.bolton.gov.uk,https://www.bolton.gov.uk/site/dist/images/favicons/favicon-32x32.png
1595,THURROCK COUNCIL,https://www.thurrock.gov.uk,https://www.thurrock.gov.uk/sites/all/themes/custom/tgov-theme/favicon.ico
5810,LONDON BOROUGH OF RICHMOND UPON THAMES,https://www.richmond.gov.uk,https://www.richmond.gov.uk/lbr192x192.png
119,SOUTH GLOUCESTERSHIRE COUNCIL,https://www.southglos.gov.uk,"data:;base64,iVBORw0KGgo="
7075,CITY OF LONDON TELECOMMS,https://www.colt.net,https://www.colt.net/wp-content/uploads/2021/01/cropped-favicon-32x32-3-300x300.png
7506,Leep Utilities Electric,https://www.leepgroup.com,
7523,MS3 Networks Ltd,https://www.ms3networks.co.uk,https://cdn.prod.website-files.com/6615290c5cbb05a7c904568a/667050d0f625da81a23f0bba_62337e9dca504ceca4ec62b2_Favicon.png
1165,TORBAY COUNCIL,https://www.torbay.gov.uk,https://www.torbay.gov.uk/icons/favicon-32x32.png
5870,LONDON BOROUGH OF SUTTON,https://www.sutton.gov.uk,https://www.sutton.gov.uk/o/lbstheme-theme/images/favicons/favicon.ico
5630,ROYAL BOROUGH OF KINGSTON UPON THAMES,https://www.kingston.gov.uk,https://www.kingston.gov.uk/themes/custom/bbd_localgov/images/icons/favicon-96x96.png
235,BEDFORD BOROUGH COUNCIL,https://www.bedford.gov.uk,https://www.bedford.gov.uk/themes/custom/bbc_theme/assets/images/favicons/favicon-32x32.png
4250,WIGAN METROPOLITAN BOROUGH COUNCIL,https://www.wigan.gov.uk,https://www.wigan.gov.uk/SiteElements/Images/favicon.ico
7354,ARQIVA LTD,https://www.arqiva.com,https://www.arqiva.com/favicon.ico
4230,SALFORD CITY COUNCIL,https://www.salford.gov.uk,https://www.salford.gov.uk/favicon-96x96.png
7375,TOOB LTD,https://www.toob.co.uk,https://www.toob.co.uk/wp-content/uploads/2019/10/Pink-Donut.png
7343,GLIDE BUSINESS LTD (Formely WARWICKNET LTD),https://www.glidebusiness.co.uk,https://www.glidebusiness.co.uk/favicons/android-icon-192x192.png
7367,Mua Gas Limited,https://www.muagroup.co.uk/gas/,https://www.muagroup.co.uk/wp-content/uploads/2025/04/cropped-favicon-32x32.png
7518,Digital Infrastructure,https://www.digitalinfrastructure.co.uk,
9234,CENTRO (WEST MIDLANDS PASSENGER TRANSPORT EXECUTIVE),https://www.tfwm.org.uk,https://designsystem.wmnetwork.co.uk/config/favicons/favicon-32x32.png
7361,UK POWER DISTRIBUTION LTD,https://www.ukpowerdistribution.co.uk,https://www.ukpowerdistribution.co.uk/wp-content/uploads/2021/10/ukpd_fav.png
5930,LONDON BOROUGH OF WALTHAM FOREST,https://www.walthamforest.gov.uk,https://www.walthamforest.gov.uk/themes/custom/lbwf_theme/assets/images/favicon/favicon-32x32.png
7390,Telcom UK,https://www.telcomuk.co.uk,
4505,GATESHEAD METROPOLITAN BOROUGH COUNCIL,https://www.gateshead.gov.uk,https://www.gateshead.gov.uk/image/253/Fav-Icon/favicon.png?m=1488297764367
7260,E S PIPELINES LTD,https://www.espipelines.com,
9139,ALBION WATER LTD,https://www.albionwater.co.uk,https://www.albionwater.co.uk/wp-content/uploads/2022/06/cropped-albion-icon-sm-192x192.png
7368,FULCRUM ELECTRICAL ASSETS LIMITED,https://www.fulcrumelectrical.com,
7369,COUNTY BROADBAND LTD,https://www.countybroadband.co.uk,https://countybroadband.co.uk/wp-content/uploads/2024/04/Image-2-scaled-1.jpg
7373,BOX BROADBAND LTD,https://www.boxbroadband.co.uk,https://www.boxbroadband.co.uk/favicon-32x32.png
2372,BLACKBURN WITH DARWEN BOROUGH COUNCIL,https://www.blackburn.gov.uk,https://www.blackburn.gov.uk/themes/custom/lgd/assets/images/favicons/favicon-32x32.png
4405,BARNSLEY METROPOLITAN BOROUGH COUNCIL,https://www.barnsley.gov.uk,https://www.barnsley.gov.uk/android-chrome-192x192.png
1260,"BOURNEMOUTH, CHRISTCHURCH AND POOLE COUNCIL",https://www.bcpcouncil.gov.uk,https://www.bcpcouncil.gov.uk/_mk7dvA_3f70ad67-0649-4a3b-96a5-896ede5a81a8/static/img/SEO-banner-Light.png?61a4f8c9656e3bafca0fa5a90ebb20aa?w=1200&h=630
7374,HARLAXTON GAS NETWORKS LIMITED,https://www.harlaxtongas.co.uk,
7379,ZZOOMM PLC,https://www.zzoomm.com,https://zzoomm.com/wp-content/uploads/2023/08/favicon_zzoomm.png
7383,Stark Infra-Gas,https://www.starkinfra.co.uk,
7384,SWISH FIBRE LTD,https://www.swishfibre.com,https://static.wixstatic.com/media/6b8bd7_afaa962d0bb7477f9bdc45d6d85051fb%7Emv2.png/v1/fill/w_192%2Ch_192%2Clg_1%2Cusm_0.66_1.00_0.01/6b8bd7_afaa962d0bb7477f9bdc45d6d85051fb%7Emv2.png
2373,BLACKPOOL BOROUGH COUNCIL,https://www.blackpool.gov.uk,https://www.blackpool.gov.uk/siteElements/channelshift/content/images/facebook-thumbnail/BC-Logo.png
7391,Internetty.uk,https://www.internetty.uk,https://internetty.uk/wp-content/uploads/2024/12/cropped-38612400_439581213204271_8184579761901666304_n-192x192.png
7394,Vattenfall Networks Limited,https://group.vattenfall.com,https://group.vattenfall.com/globalassets/vattenfall-logo-light-blue-bg_5x3.png
7397,National Gas Transmission,https://www.nationalgas.com,https://www.nationalgas.com/themes/nationalgas/favicon.ico
7504,My Fibre,https://www.myfibre.co.uk,
7091,ESSO PETROLEUM CO,https://www.esso.co.uk,https://www.esso.co.uk/-/media/favicons/fav/esso.ico
7503,EXASCALE LIMITED,https://www.exascale.co.uk,https://www.exascale.co.uk/wp-content/themes/exascale/favicon.png
7508,CLOUD HQ DIDCOT FIBRE GP LTD,https://www.cloudhq.co.uk,
5360,LONDON BOROUGH OF HACKNEY,https://www.hackney.gov.uk,https://www.hackney.gov.uk/icons-a94e822ed66a743ac1649752651b4d73/favicon-48x48.png
5480,LONDON BOROUGH OF HAVERING,https://www.havering.gov.uk,https://www.havering.gov.uk/site/dist/images/favicons/favicon-32x32.png?2.8.0
5510,LONDON BOROUGH OF HILLINGDON,https://www.hillingdon.gov.uk,https://www.hillingdon.gov.uk/image/83/Hillingdon-favicon/favicon.png?m=1550742133147
5570,LONDON BOROUGH OF ISLINGTON,https://www.islington.gov.uk,https://www.islington.gov.uk/_common/img/android-chrome-192x192.png
7509,Lit Fibre Group Ltd (formerly Broadreach Networks Limited),https://www.litfibre.com,https://www.litfibre.com/favicon-32x32.png
7511,Fusion Fibre Group,https://www.fusionfibre.co.uk,https://www.fusionfibre.co.uk/favicon.png
7513,Cellnex OT UK,https://www.cellnextelecom.co.uk,
7517,Orbital Net Ltd,https://www.orbitalnet.co.uk,
3455,STOKE-ON-TRENT CITY COUNCIL,https://www.stoke.gov.uk,https://www.stoke.gov.uk/site/assets/favicon-32x32.png
7521,Railsite Telecom Limited,https://www.railsitetelecom.co.uk,https://i0.wp.com/railsitetelecom.co.uk/wp-content/uploads/2019/04/cropped-railsite-blue-background-logo.png?fit=192%2C192&ssl=1
7522,Nynet Ltd,https://www.nynet.co.uk,https://www.nynet.co.uk/wp-content/uploads/2022/03/logomark.svg
7526,UPP (Corporation Limited),https://www.upp-ltd.com,https://upp-ltd.com/wp-content/uploads/2018/04/cropped-UPP-Favicon-256px-192x192.png
1350,DARLINGTON BOROUGH COUNCIL,https://www.darlington.gov.uk,
7527,BRSK LIMITED,https://www.brsk.co.uk,https://a.storyblok.com/f/114536/1920x1542/ca1fd474af/web1920.jpg
7528,ALLPOINTS FIBRE NETWORKS LIMITED,https://www.allpointsfibre.co.uk,
350,SLOUGH BOROUGH COUNCIL,https://www.slough.gov.uk,https://www.slough.gov.uk/site/dist/images/favicons/favicon-32x32.png?1.12.1
340,WEST BERKSHIRE COUNCIL,https://www.westberks.gov.uk,https://www.westberks.gov.uk/image/45594/Favicon/favicon.png?m=1610968732460
7534,PERSIMMON HOMES LIMITED,https://www.persimmonhomes.com,https://www.persimmonhomes.com/media/os0ly03c/persimmon-logo-2022.png
7540,Exponential-e Limited,https://www.exponential-e.com,https://www.exponential-e.com/images/2025/03/27/exponential-e-cloud-connectivity-cyber-and-communications-open-graph.webp
4225,ROCHDALE BOROUGH COUNCIL,https://www.rochdale.gov.uk,https://www.rochdale.gov.uk/site/dist/images/favicons/favicon-32x32.png?1.22.1
7180,Sapphire Utility Solutions,https://www.sapphireutility.com,
7019,SP ENERGY NETWORKS (FORMERLY SCOTTISH POWER),https://www.spenergynetworks.co.uk,https://www.spenergynetworks.co.uk/userfiles/image/spen_social_sharing_pic.jpg
7545,AJ Technology Ltd,https://www.ajtechnology.co.uk,
7547,Boldyn Networks,https://www.boldyn.com,https://www.boldyn.com/favicons/favicon-32x32.png
7332,FIBREWAVE NETWORKS LTD,https://www.fibrewave.co.uk,
7553,Global Reach Networks Limited,https://www.globalreach.net,https://globalreachtech.com/wp-content/uploads/2020/08/GlobalReach-small-G-icon-300x300.png
7556,Open Infra Ltd,https://www.openinfra.co.uk,
4240,TAMESIDE METROPOLITAN BOROUGH COUNCIL,https://www.tameside.gov.uk,https://www.tameside.gov.uk/img/favicons/favicon-32x32.png
7561,Vattenfall Wind Power Limited,https://group.vattenfall.com,https://group.vattenfall.com/globalassets/vattenfall-logo-light-blue-bg_5x3.png
7565,Runfibre Ltd,https://www.runfibre.co.uk,https://www.runfibre.co.uk/favicon/favicon-32x32.png
7566,Orsted Hornsea Project Three (UK) Limited,https://orsted.co.uk,https://cdn.orsted.com/-/media/www/images/corp/graphics/icons/favicon.ico?w=1440&rev=ba82db4b63a04e21be8b5472e7fe45c9
7569,RIVERSIDE ENERGY PARK LTD,https://www.corygroup.co.uk,https://www.corygroup.co.uk/application/files/7516/1943/2931/favicon-16x16.ico
4325,WIRRAL BOROUGH COUNCIL,https://www.wirral.gov.uk,https://www.wirral.gov.uk/themes/custom/wg22/assets/images/favicons/favicon-32x32.png
7086,VERIZON BUSINESS,https://www.verizon.com,https://www.verizon.com/favicon.ico
7188,DFT ROAD STATISTICS DIVISION,https://www.gov.uk/government/organisations/department-for-transport,https://www.gov.uk/assets/static/favicon-24f9fbe064118d58937932e73edafd1d50cb60f7bd84f52308382a309bc2d655.ico
7583,Advanced Electricty Networks Ltd,https://www.advancedelectricity.co.uk,
7575,ServerHouse ltd,https://www.serverhouse.co.uk,https://www.serverhouse.co.uk/wp-content/uploads/2025/01/cropped-site-icon-192x192.png
7576,X-Fibre Ltd,https://www.x-fibre.co.uk,
734,MIDDLESBROUGH BOROUGH COUNCIL,https://www.middlesbrough.gov.uk,https://www.middlesbrough.gov.uk/images/favicon/favicon.ico
2002,NORTH EAST LINCOLNSHIRE COUNCIL,https://www.nelincs.gov.uk,https://www.nelincs.gov.uk/assets/uploads/2020/10/cropped-faviconBlack-192x192.png
121,NORTH SOMERSET COUNCIL,https://www.n-somerset.gov.uk,https://www.n-somerset.gov.uk/themes/north_somerset/favicon.ico
7209,Vital Energi Utilities,https://www.vitalenergi.co.uk,http://www.vitalenergi.co.uk/media/xw3pd0qh/solar.png
7579,E-VOLVE SOLUTIONS LTD,https://www.e-volve.co.uk,
7145,National Grid Electricity Distribution Telecoms,https://www.nationalgrid.com,https://www.nationalgrid.com/themes/custom/ng_site_studio/images/favicon.ico
3060,NOTTINGHAM CITY COUNCIL,https://www.nottinghamcity.gov.uk,https://www.nottinghamcity.gov.uk/media/e2onogbh/nccicon.png
7220,ENVIRONMENT AGENCY,https://www.gov.uk/government/organisations/environment-agency,https://www.gov.uk/assets/static/favicon-24f9fbe064118d58937932e73edafd1d50cb60f7bd84f52308382a309bc2d655.ico
7587,UK Fibre Networks Limited,https://www.ukfibrenetworks.co.uk,https://fastrbroadband.co.uk/wp-content/uploads/2024/07/cropped-favicon-192x192.png
7590,JSM Group Services LTD,https://www.jsmgroup.co.uk,
7592,Quantum Communications Ltd,https://www.quantumcomms.co.uk,
7348,ENERGY ASSETS PIPELINES LTD,https://www.energyassets.co.uk,https://www.energyassets.co.uk/wp-content/uploads/2022/04/cropped-EA-favicon-512px-192x192.jpg
7350,BROADBAND FOR THE RURAL NORTH LTD,https://www.b4rn.org.uk,https://www.b4rn.org.uk/favicons/favicon-32x32.png
7353,NEXTGENACCESS LTD,https://www.nextgenaccess.co.uk,
7363,WILDCARD UK LTD,https://www.wildcard.co.uk,https://wildcard.co.uk/wp-content/uploads/2023/06/spade-500x500.png
7598,East Anglia TWO,https://www.spr-eastangliatwo.com,
7336,Open Fibre Networks Limited,https://www.openfibrenetworks.co.uk,
7299,TalkTalk Communications Limited,https://www.talktalk.com,https://www.talktalk.com/favicon-32x32.png
7311,Last Mile Asset Management,https://www.lastmile.co.uk,https://lastmile.co.uk/wp-content/uploads/2024/10/cropped-favicon-192x192.png
7314,VEOLIA WATER OUTSOURCING LTD,https://www.veolia.co.uk,https://www.veolia.co.uk/themes/custom/veo_site/src/assets/icons/favicon.ico
7244,NEOSCORP LTD,https://www.neoscorp.co.uk,
7245,INTEROUTE (FORMERLY I-21 HOLDINGS LTD),https://www.gtt.net,https://www.gtt.net/wp-content/uploads/2023/06/android-chrome-192x192-1.png?w=192
7248,VSNL TELECOMMUNICATIONS (UK) LTD,https://www.tatacommunications.com,https://www.tatacommunications.com/hubfs/Tata-Communications/Logos/Tata%20Communications%20Mini.svg
7251,WIGHTFIBRE LTD (PREVIOUSLY ISLE OF WIGHT CABLE AND TELEPHONE CO LTD),https://www.wightfibre.com,https://www.wightfibre.com/wp-content/themes/wightfibre/assets/img/icons/icon-192x192.png
7345,THAMES TIDEWAY TUNNEL LTD,https://www.tideway.london,https://www.tideway.london/dist/images/android-icon-192x192.png
7225,SKY TELECOMMUNICATIONS SERVICES LTD (Formerly Easynet Telecommunications Ltd),https://www.sky.com,https://www.sky.com/assets/masthead/images/favicon-32.png
7230,ARELION UK LTD,https://www.arelion.com,https://www.arelion.com/assets/web/images/rebranding/favicons/android-chrome-512x512.png
7231,GAS TRANSPORTATION CO LTD,https://www.gastransportation.co.uk,https://www.gastransportation.co.uk/favicon-32x32.png
7571,Stark Infra â€“ Electric,https://www.starkinfra.co.uk,
2470,RUTLAND COUNTY COUNCIL,https://www.rutland.gov.uk,https://www.rutland.gov.uk/themes/custom/bbd_localgov/assets/images/favicons/favicon-32x32.png
7595,SICOM Ltd,https://www.sicom.co.uk,https://api.devshot.io/LPQW3P?name=sicom.co.uk
17,Heathrow Airport Limited,https://www.heathrow.com,https://www.heathrow.com/etc.clientlibs/heathrow/clientlibs/vanilla-components/base/resources/favicon-64x64.png
7533,Pine Media,https://www.pinemedia.co.uk,
7550,1310 Ltd,https://www.1310.co.uk,
7012,National Grid Electricity Distribution (South Wales),https://www.nationalgrid.com,https://www.nationalgrid.com/themes/custom/ng_site_studio/images/favicon.ico
7381,OPEN NETWORK SYSTEMS LIMITED,https://www.opennetworksystems.co.uk,
